Resistance_Ohm,Peak_Gain,Peak_Frequency_Hz,Peak_Frequency_Low_Hz,Peak_Frequency_High_Hz,Half_Power_Gain,f_low_Hz,f_high_Hz,Bandwidth_Hz,Q_Approx,Vs_Baseline_Vpp,Vs_Min_Vpp,Vs_Drop_Vpp,Vs_Drop_Percent
22,0.39444,3100.0,3075,3125,0.2789111987712218,2800,3500,700,4.428571428571429,2.06,1.08,0.98,47.57281553398058
47,0.49206,3125.0,3025,3225,0.34793896275065256,2600,3600,1000,3.125,2.06,1.26,0.8,38.83495145631068
100,0.64762,3112.5,3050,3175,0.45793649363203187,2500,4000,1500,2.075,2.04,1.47,0.5700000000000001,27.94117647058824
150,0.7044,3112.5,3000,3225,0.49808601666780405,2300,4500,2200,1.4147727272727273,2.02,1.59,0.42999999999999994,21.287128712871283
200,0.74699,3150.0,2900,3400,0.5282016944785392,2000,5000,3000,1.05,2.02,1.66,0.3600000000000001,17.821782178217823
270,0.88506,3150.0,2800,3500,0.6258319277569657,2000,5000,3000,1.05,2.02,1.74,0.28,13.861386138613863
330,0.91011,3150.0,2850,3450,0.6435449526256887,1500,5000,3500,0.9,1.98,1.78,0.19999999999999996,10.101010101010099
470,0.93956,3350.0,2900,3800,0.6643692473316325,1500,5000,3500,0.9571428571428572,1.98,1.82,0.15999999999999992,8.080808080808078
